[{"created_at": "Tue Nov 10 19:10:45 +0000 2020", "id": 1326240900289323008, "id_str": "1326240900289323008", "full_text": "@ardhanarishwar #BoycottTanishq #BoycottRedLabel #BoycottSurfExcel #BoycottAkshayKumar #BoycottKiaraAdvani #BoycottLaxmii #BoycottLaxmmiBomb\n#BoycottTata \n\nAdd more. I need more \ud83d\ude21\ud83d\udd2a\ud83d\udca3", "truncated": false, "display_text_range": [16, 181], "entities": {"hashtags": [{"text": "BoycottTanishq", "indices": [16, 31]}, {"text": "BoycottRedLabel", "indices": [32, 48]}, {"text": "BoycottSurfExcel", "indices": [49, 66]}, {"text": "BoycottAkshayKumar", "indices": [67, 86]}, {"text": "BoycottKiaraAdvani", "indices": [87, 106]}, {"text": "BoycottLaxmii", "indices": [107, 121]}, {"text": "BoycottLaxmmiBomb", "indices": [122, 140]}, {"text": "BoycottTata", "indices": [141, 153]}], "symbols": [], "user_mentions": [{"screen_name": "ardhanarishwar", "name": "Shailender Yadav (I Stand With France)", "id": 1303682598367948800, "id_str": "1303682598367948800", "indices": [0, 15]}], "urls": []}, "metadata": {"iso_language_code": "en", "result_type": "recent"}, "source": "<a href=\"https://mobile.twitter.com\" rel=\"nofollow\">Twitter Web App</a>", "in_reply_to_status_id": 1326240754965032962, "in_reply_to_status_id_str": "1326240754965032962", "in_reply_to_user_id": 1303682598367948800, "in_reply_to_user_id_str": "1303682598367948800", "in_reply_to_screen_name": "ardhanarishwar", "user": {"id": 1308640671348264960, "id_str": "1308640671348264960", "name": "The Dharmic State Guy\ud83e\udde1\u2638\ufe0f\ud83d\udd49\ufe0f\u262c\u270a", "screen_name": "TheDharmicState", "location": "Colombo District, Sri Lanka \ud83d\ude0a", "description": "No personal goals.\nOnly want Dharmic unity\n(\u2638\ufe0f\ud83e\udd1d\ud83d\udd49\ufe0f\ud83e\udd1d\u262c\ud83e\udd1d\u270b)\nand victory to Dharma \u270a\n\nSriman/Sanatani\ud83d\udea9\u2638\ufe0f\ud83c\uddf1\ud83c\uddf0\n\nCheck the pinned tweets for more.\n\nHindutva vadi", "url": "https://t.co/tIKnm8isd6", "entities": {"url": {"urls": [{"url": "https://t.co/tIKnm8isd6", "expanded_url": "http://thedharmicstate.blogspot.com", "display_url": "thedharmicstate.blogspot.com", "indices": [0, 23]}]}, "description": {"urls": []}}, "protected": false, "followers_count": 598, "friends_count": 961, "listed_count": 0, "created_at": "Wed Sep 23 05:34:14 +0000 2020", "favourites_count": 1563, "utc_offset": null, "time_zone": null, "geo_enabled": false, "verified": false, "statuses_count": 7479, "lang": null, "contributors_enabled": false, "is_translator": false, "is_translation_enabled": false, "profile_background_color": "F5F8FA", "profile_background_image_url": null, "profile_background_image_url_https": null, "profile_background_tile": false, "profile_image_url": "http://pbs.twimg.com/profile_images/1325891810351173632/-6VLEHg-_normal.jpg", "profile_image_url_https": "https://pbs.twimg.com/profile_images/1325891810351173632/-6VLEHg-_normal.jpg", "profile_banner_url": "https://pbs.twimg.com/profile_banners/1308640671348264960/1604987044", "profile_link_color": "1DA1F2", "profile_sidebar_border_color": "C0DEED", "profile_sidebar_fill_color": "DDEEF6", "profile_text_color": "333333", "profile_use_background_image": true, "has_extended_profile": true, "default_profile": true, "default_profile_image": false, "following": null, "follow_request_sent": null, "notifications": null, "translator_type": "none"}, "geo": null, "coordinates": null, "place": null, "contributors": null, "is_quote_status": false, "retweet_count": 0, "favorite_count": 1, "favorited": false, "retweeted": false, "lang": "en"}, {"created_at": "Tue Nov 10 19:09:03 +0000 2020", "id": 1326240469781798915, "id_str": "1326240469781798915", "full_text": "It's our boycott and we do it however we see fit.\n\n#BoycottTanishq #BoycottRedLabel #BoycottSurfExcel #BoycottAkshayKumar #BoycottKiaraAdvani #BoycottLaxmii #BoycottLaxmmiBomb\n#BoycottTata https://t.co/5UchUp1SxX", "truncated": false, "display_text_range": [0, 188], "entities": {"hashtags": [{"text": "BoycottTanishq", "indices": [51, 66]}, {"text": "BoycottRedLabel", "indices": [67, 83]}, {"text": "BoycottSurfExcel", "indices": [84, 101]}, {"text": "BoycottAkshayKumar", "indices": [102, 121]}, {"text": "BoycottKiaraAdvani", "indices": [122, 141]}, {"text": "BoycottLaxmii", "indices": [142, 156]}, {"text": "BoycottLaxmmiBomb", "indices": [157, 175]}, {"text": "BoycottTata", "indices": [176, 188]}], "symbols": [], "user_mentions": [], "urls": [{"url": "https://t.co/5UchUp1SxX", "expanded_url": "https://twitter.com/PuchnaMat/status/1326165590688493569", "display_url": "twitter.com/PuchnaMat/stat\u2026", "indices": [189, 212]}]}, "metadata": {"iso_language_code": "en", "result_type": "recent"}, "source": "<a href=\"https://mobile.twitter.com\" rel=\"nofollow\">Twitter Web App</a>", "in_reply_to_status_id": null, "in_reply_to_status_id_str": null, "in_reply_to_user_id": null, "in_reply_to_user_id_str": null, "in_reply_to_screen_name": null, "user": {"id": 1308640671348264960, "id_str": "1308640671348264960", "name": "The Dharmic State Guy\ud83e\udde1\u2638\ufe0f\ud83d\udd49\ufe0f\u262c\u270a", "screen_name": "TheDharmicState", "location": "Colombo District, Sri Lanka \ud83d\ude0a", "description": "No personal goals.\nOnly want Dharmic unity\n(\u2638\ufe0f\ud83e\udd1d\ud83d\udd49\ufe0f\ud83e\udd1d\u262c\ud83e\udd1d\u270b)\nand victory to Dharma \u270a\n\nSriman/Sanatani\ud83d\udea9\u2638\ufe0f\ud83c\uddf1\ud83c\uddf0\n\nCheck the pinned tweets for more.\n\nHindutva vadi", "url": "https://t.co/tIKnm8isd6", "entities": {"url": {"urls": [{"url": "https://t.co/tIKnm8isd6", "expanded_url": "http://thedharmicstate.blogspot.com", "display_url": "thedharmicstate.blogspot.com", "indices": [0, 23]}]}, "description": {"urls": []}}, "protected": false, "followers_count": 598, "friends_count": 961, "listed_count": 0, "created_at": "Wed Sep 23 05:34:14 +0000 2020", "favourites_count": 1563, "utc_offset": null, "time_zone": null, "geo_enabled": false, "verified": false, "statuses_count": 7479, "lang": null, "contributors_enabled": false, "is_translator": false, "is_translation_enabled": false, "profile_background_color": "F5F8FA", "profile_background_image_url": null, "profile_background_image_url_https": null, "profile_background_tile": false, "profile_image_url": "http://pbs.twimg.com/profile_images/1325891810351173632/-6VLEHg-_normal.jpg", "profile_image_url_https": "https://pbs.twimg.com/profile_images/1325891810351173632/-6VLEHg-_normal.jpg", "profile_banner_url": "https://pbs.twimg.com/profile_banners/1308640671348264960/1604987044", "profile_link_color": "1DA1F2", "profile_sidebar_border_color": "C0DEED", "profile_sidebar_fill_color": "DDEEF6", "profile_text_color": "333333", "profile_use_background_image": true, "has_extended_profile": true, "default_profile": true, "default_profile_image": false, "following": null, "follow_request_sent": null, "notifications": null, "translator_type": "none"}, "geo": null, "coordinates": null, "place": null, "contributors": null, "is_quote_status": true, "quoted_status_id": 1326165590688493569, "quoted_status_id_str": "1326165590688493569", "quoted_status": {"created_at": "Tue Nov 10 14:11:30 +0000 2020", "id": 1326165590688493569, "id_str": "1326165590688493569", "full_text": "Request all countrymen offended by #TanishqAd to throw out any jewellery they or extended families ever bought from Tanishq, on streets.\n\nThat will be the real boycott !\n\n#TanishqAd \n#Tanishq", "truncated": false, "display_text_range": [0, 191], "entities": {"hashtags": [{"text": "TanishqAd", "indices": [35, 45]}, {"text": "TanishqAd", "indices": [171, 181]}, {"text": "Tanishq", "indices": [183, 191]}], "symbols": [], "user_mentions": [], "urls": []}, "metadata": {"iso_language_code": "en", "result_type": "recent"}, "source": "<a href=\"https://mobile.twitter.com\" rel=\"nofollow\">Twitter Web App</a>", "in_reply_to_status_id": null, "in_reply_to_status_id_str": null, "in_reply_to_user_id": null, "in_reply_to_user_id_str": null, "in_reply_to_screen_name": null, "user": {"id": 901149929481019393, "id_str": "901149929481019393", "name": "DIS___DANCE___SiNGH \ud83c\udf20", "screen_name": "PuchnaMat", "location": "India", "description": "Fitness cannot be a mood thing !", "url": null, "entities": {"description": {"urls": []}}, "protected": false, "followers_count": 1, "friends_count": 16, "listed_count": 0, "created_at": "Fri Aug 25 18:31:00 +0000 2017", "favourites_count": 2, "utc_offset": null, "time_zone": null, "geo_enabled": false, "verified": false, "statuses_count": 571, "lang": null, "contributors_enabled": false, "is_translator": false, "is_translation_enabled": false, "profile_background_color": "F5F8FA", "profile_background_image_url": null, "profile_background_image_url_https": null, "profile_background_tile": false, "profile_image_url": "http://pbs.twimg.com/profile_images/1284929667225358336/dRK-DoEM_normal.jpg", "profile_image_url_https": "https://pbs.twimg.com/profile_images/1284929667225358336/dRK-DoEM_normal.jpg", "profile_banner_url": "https://pbs.twimg.com/profile_banners/901149929481019393/1594278562", "profile_link_color": "1DA1F2", "profile_sidebar_border_color": "C0DEED", "profile_sidebar_fill_color": "DDEEF6", "profile_text_color": "333333", "profile_use_background_image": true, "has_extended_profile": false, "default_profile": true, "default_profile_image": false, "following": null, "follow_request_sent": null, "notifications": null, "translator_type": "none"}, "geo": null, "coordinates": null, "place": null, "contributors": null, "is_quote_status": false, "retweet_count": 0, "favorite_count": 0, "favorited": false, "retweeted": false, "lang": "en"}, "retweet_count": 0, "favorite_count": 3, "favorited": false, "retweeted": false, "possibly_sensitive": false, "lang": "en"}, {"created_at": "Tue Nov 10 19:05:23 +0000 2020", "id": 1326239550247669773, "id_str": "1326239550247669773", "full_text": "The same way you guys still boycott pork, despite having boycotted it since day 1.\n\n#BoycottTanishq #BoycottRedLabel #BoycottSurfExcel #BoycottAkshayKumar #BoycottKiaraAdvani #BoycottLaxmii #BoycottLaxmmiBomb\n#BoycottTata https://t.co/LxSfSPv1EM", "truncated": false, "display_text_range": [0, 221], "entities": {"hashtags": [{"text": "BoycottTanishq", "indices": [84, 99]}, {"text": "BoycottRedLabel", "indices": [100, 116]}, {"text": "BoycottSurfExcel", "indices": [117, 134]}, {"text": "BoycottAkshayKumar", "indices": [135, 154]}, {"text": "BoycottKiaraAdvani", "indices": [155, 174]}, {"text": "BoycottLaxmii", "indices": [175, 189]}, {"text": "BoycottLaxmmiBomb", "indices": [190, 208]}, {"text": "BoycottTata", "indices": [209, 221]}], "symbols": [], "user_mentions": [], "urls": [{"url": "https://t.co/LxSfSPv1EM", "expanded_url": "https://twitter.com/MunafChohan/status/1326186126307020800", "display_url": "twitter.com/MunafChohan/st\u2026", "indices": [222, 245]}]}, "metadata": {"iso_language_code": "en", "result_type": "recent"}, "source": "<a href=\"https://mobile.twitter.com\" rel=\"nofollow\">Twitter Web App</a>", "in_reply_to_status_id": null, "in_reply_to_status_id_str": null, "in_reply_to_user_id": null, "in_reply_to_user_id_str": null, "in_reply_to_screen_name": null, "user": {"id": 1308640671348264960, "id_str": "1308640671348264960", "name": "The Dharmic State Guy\ud83e\udde1\u2638\ufe0f\ud83d\udd49\ufe0f\u262c\u270a", "screen_name": "TheDharmicState", "location": "Colombo District, Sri Lanka \ud83d\ude0a", "description": "No personal goals.\nOnly want Dharmic unity\n(\u2638\ufe0f\ud83e\udd1d\ud83d\udd49\ufe0f\ud83e\udd1d\u262c\ud83e\udd1d\u270b)\nand victory to Dharma \u270a\n\nSriman/Sanatani\ud83d\udea9\u2638\ufe0f\ud83c\uddf1\ud83c\uddf0\n\nCheck the pinned tweets for more.\n\nHindutva vadi", "url": "https://t.co/tIKnm8isd6", "entities": {"url": {"urls": [{"url": "https://t.co/tIKnm8isd6", "expanded_url": "http://thedharmicstate.blogspot.com", "display_url": "thedharmicstate.blogspot.com", "indices": [0, 23]}]}, "description": {"urls": []}}, "protected": false, "followers_count": 598, "friends_count": 961, "listed_count": 0, "created_at": "Wed Sep 23 05:34:14 +0000 2020", "favourites_count": 1563, "utc_offset": null, "time_zone": null, "geo_enabled": false, "verified": false, "statuses_count": 7479, "lang": null, "contributors_enabled": false, "is_translator": false, "is_translation_enabled": false, "profile_background_color": "F5F8FA", "profile_background_image_url": null, "profile_background_image_url_https": null, "profile_background_tile": false, "profile_image_url": "http://pbs.twimg.com/profile_images/1325891810351173632/-6VLEHg-_normal.jpg", "profile_image_url_https": "https://pbs.twimg.com/profile_images/1325891810351173632/-6VLEHg-_normal.jpg", "profile_banner_url": "https://pbs.twimg.com/profile_banners/1308640671348264960/1604987044", "profile_link_color": "1DA1F2", "profile_sidebar_border_color": "C0DEED", "profile_sidebar_fill_color": "DDEEF6", "profile_text_color": "333333", "profile_use_background_image": true, "has_extended_profile": true, "default_profile": true, "default_profile_image": false, "following": null, "follow_request_sent": null, "notifications": null, "translator_type": "none"}, "geo": null, "coordinates": null, "place": null, "contributors": null, "is_quote_status": true, "quoted_status_id": 1326186126307020800, "quoted_status_id_str": "1326186126307020800", "quoted_status": {"created_at": "Tue Nov 10 15:33:06 +0000 2020", "id": 1326186126307020800, "id_str": "1326186126307020800", "full_text": "How exactly do you boycott something which you've already boycotted just weeks ago? #Tanishq #TanishqAd", "truncated": false, "display_text_range": [0, 103], "entities": {"hashtags": [{"text": "Tanishq", "indices": [84, 92]}, {"text": "TanishqAd", "indices": [93, 103]}], "symbols": [], "user_mentions": [], "urls": []}, "metadata": {"iso_language_code": "en", "result_type": "recent"}, "source": "<a href=\"http://twitter.com/download/android\" rel=\"nofollow\">Twitter for Android</a>", "in_reply_to_status_id": null, "in_reply_to_status_id_str": null, "in_reply_to_user_id": null, "in_reply_to_user_id_str": null, "in_reply_to_screen_name": null, "user": {"id": 1171681998429130752, "id_str": "1171681998429130752", "name": "Munaf Chohan", "screen_name": "MunafChohan", "location": "", "description": "I come here to complain.", "url": null, "entities": {"description": {"urls": []}}, "protected": false, "followers_count": 2, "friends_count": 25, "listed_count": 0, "created_at": "Wed Sep 11 07:09:01 +0000 2019", "favourites_count": 3, "utc_offset": null, "time_zone": null, "geo_enabled": false, "verified": false, "statuses_count": 4, "lang": null, "contributors_enabled": false, "is_translator": false, "is_translation_enabled": false, "profile_background_color": "F5F8FA", "profile_background_image_url": null, "profile_background_image_url_https": null, "profile_background_tile": false, "profile_image_url": "http://abs.twimg.com/sticky/default_profile_images/default_profile_normal.png", "profile_image_url_https": "https://abs.twimg.com/sticky/default_profile_images/default_profile_normal.png", "profile_link_color": "1DA1F2", "profile_sidebar_border_color": "C0DEED", "profile_sidebar_fill_color": "DDEEF6", "profile_text_color": "333333", "profile_use_background_image": true, "has_extended_profile": false, "default_profile": true, "default_profile_image": true, "following": null, "follow_request_sent": null, "notifications": null, "translator_type": "none"}, "geo": null, "coordinates": null, "place": null, "contributors": null, "is_quote_status": false, "retweet_count": 0, "favorite_count": 0, "favorited": false, "retweeted": false, "lang": "en"}, "retweet_count": 1, "favorite_count": 3, "favorited": false, "retweeted": false, "possibly_sensitive": false, "lang": "en"}, {"created_at": "Mon Nov 09 08:25:10 +0000 2020", "id": 1325716045152149504, "id_str": "1325716045152149504", "full_text": "Is @RNTata2000 &amp; Co silently working against Hindus &amp; Hindustan? \nTheir now deleted @TanishqJewelry ads are proving so they are anti Hindu &amp; Hindustan.\n\n#boycotttanishq #BoycottTanishqJewelry #BoycottTata #boycotttataproducts", "truncated": false, "display_text_range": [0, 237], "entities": {"hashtags": [{"text": "boycotttanishq", "indices": [165, 180]}, {"text": "BoycottTanishqJewelry", "indices": [181, 203]}, {"text": "BoycottTata", "indices": [204, 216]}, {"text": "boycotttataproducts", "indices": [217, 237]}], "symbols": [], "user_mentions": [{"screen_name": "RNTata2000", "name": "Ratan N. Tata", "id": 277434037, "id_str": "277434037", "indices": [3, 14]}, {"screen_name": "TanishqJewelry", "name": "Tanishq", "id": 146022887, "id_str": "146022887", "indices": [92, 107]}], "urls": []}, "metadata": {"iso_language_code": "en", "result_type": "recent"}, "source": "<a href=\"http://twitter.com/download/iphone\" rel=\"nofollow\">Twitter for iPhone</a>", "in_reply_to_status_id": null, "in_reply_to_status_id_str": null, "in_reply_to_user_id": null, "in_reply_to_user_id_str": null, "in_reply_to_screen_name": null, "user": {"id": 272323143, "id_str": "272323143", "name": "\ud83c\udd73\ud83c\udd70\ufe0f\ud83c\udd7d\ud83c\udd7d\ud83c\udd88 \ud83d\udea9", "screen_name": "Mati9ee", "location": "Bharata \ud83c\uddee\ud83c\uddf3", "description": "'\u092a\u0930\u093f\u0924\u094d\u0930\u093e\u0923\u093e\u092f \u0938\u093e\u0927\u0942\u0928\u093e\u0902 \u0935\u093f\u0928\u093e\u0936\u093e\u092f \u091a \u0926\u0941\u0937\u094d\u0915\u0943\u0924\u093e\u092e\u094d\u0964 \u0927\u0930\u094d\u092e\u0938\u0902\u0938\u094d\u0925\u093e\u092a\u0928\u093e\u0930\u094d\u0925\u093e\u092f \u0938\u0902\u092d\u0935\u093e\u092e\u093f \u092f\u0941\u0917\u0947 \u092f\u0941\u0917\u0947' Destruction of evil & for establishing Dharma, I manifest Myself in every age.'", "url": "https://t.co/7IDoW8iFLm", "entities": {"url": {"urls": [{"url": "https://t.co/7IDoW8iFLm", "expanded_url": "https://twitter.com", "display_url": "twitter.com", "indices": [0, 23]}]}, "description": {"urls": []}}, "protected": false, "followers_count": 583, "friends_count": 511, "listed_count": 3, "created_at": "Sat Mar 26 08:16:50 +0000 2011", "favourites_count": 94359, "utc_offset": null, "time_zone": null, "geo_enabled": false, "verified": false, "statuses_count": 88031, "lang": null, "contributors_enabled": false, "is_translator": false, "is_translation_enabled": false, "profile_background_color": "C0DEED", "profile_background_image_url": "http://abs.twimg.com/images/themes/theme1/bg.png", "profile_background_image_url_https": "https://abs.twimg.com/images/themes/theme1/bg.png", "profile_background_tile": false, "profile_image_url": "http://pbs.twimg.com/profile_images/1293181600297971712/OSYUUBfl_normal.jpg", "profile_image_url_https": "https://pbs.twimg.com/profile_images/1293181600297971712/OSYUUBfl_normal.jpg", "profile_banner_url": "https://pbs.twimg.com/profile_banners/272323143/1568307646", "profile_link_color": "1DA1F2", "profile_sidebar_border_color": "C0DEED", "profile_sidebar_fill_color": "DDEEF6", "profile_text_color": "333333", "profile_use_background_image": true, "has_extended_profile": false, "default_profile": true, "default_profile_image": false, "following": null, "follow_request_sent": null, "notifications": null, "translator_type": "none"}, "geo": null, "coordinates": null, "place": null, "contributors": null, "is_quote_status": false, "retweet_count": 0, "favorite_count": 0, "favorited": false, "retweeted": false, "lang": "en"}, {"created_at": "Mon Nov 09 07:59:23 +0000 2020", "id": 1325709555918012417, "id_str": "1325709555918012417", "full_text": "@SwarajyaMag #BoycottTanishq\n#BoycottTata", "truncated": false, "display_text_range": [13, 41], "entities": {"hashtags": [{"text": "BoycottTanishq", "indices": [13, 28]}, {"text": "BoycottTata", "indices": [29, 41]}], "symbols": [], "user_mentions": [{"screen_name": "SwarajyaMag", "name": "Swarajya", "id": 2451476942, "id_str": "2451476942", "indices": [0, 12]}], "urls": []}, "metadata": {"iso_language_code": "und", "result_type": "recent"}, "source": "<a href=\"http://twitter.com/download/android\" rel=\"nofollow\">Twitter for Android</a>", "in_reply_to_status_id": 1325676360677781506, "in_reply_to_status_id_str": "1325676360677781506", "in_reply_to_user_id": 2451476942, "in_reply_to_user_id_str": "2451476942", "in_reply_to_screen_name": "SwarajyaMag", "user": {"id": 1322955394776354822, "id_str": "1322955394776354822", "name": "\u0905\u0939\u092e\u0938\u094d\u092e\u093f ?", "screen_name": "atmay_", "location": "\u092d\u093e\u0930\u0924", "description": "EVM_Hacker\nTwitter~illiterate\n\u0939\u093f\u0928\u094d\u0926\u0942.Civilizational.\u0930\u093e\u0937\u094d\u091f\u094d\u0930\u0935\u093e\u0926\u0940", "url": null, "entities": {"description": {"urls": []}}, "protected": false, "followers_count": 13, "friends_count": 98, "listed_count": 0, "created_at": "Sun Nov 01 17:35:57 +0000 2020", "favourites_count": 1424, "utc_offset": null, "time_zone": null, "geo_enabled": false, "verified": false, "statuses_count": 525, "lang": null, "contributors_enabled": false, "is_translator": false, "is_translation_enabled": false, "profile_background_color": "F5F8FA", "profile_background_image_url": null, "profile_background_image_url_https": null, "profile_background_tile": false, "profile_image_url": "http://pbs.twimg.com/profile_images/1325373929746124800/gIjX1luw_normal.jpg", "profile_image_url_https": "https://pbs.twimg.com/profile_images/1325373929746124800/gIjX1luw_normal.jpg", "profile_banner_url": "https://pbs.twimg.com/profile_banners/1322955394776354822/1604828744", "profile_link_color": "1DA1F2", "profile_sidebar_border_color": "C0DEED", "profile_sidebar_fill_color": "DDEEF6", "profile_text_color": "333333", "profile_use_background_image": true, "has_extended_profile": true, "default_profile": true, "default_profile_image": false, "following": null, "follow_request_sent": null, "notifications": null, "translator_type": "none"}, "geo": null, "coordinates": null, "place": null, "contributors": null, "is_quote_status": false, "retweet_count": 0, "favorite_count": 0, "favorited": false, "retweeted": false, "lang": "und"}, {"created_at": "Mon Nov 09 07:46:42 +0000 2020", "id": 1325706365944303617, "id_str": "1325706365944303617", "full_text": "\ud83d\ude02 is dar diwali nahi diwala hoga @TanishqJewelry \nupar se board of members ka silence poore @TataCompanies  ko le dubegaa\n\n#boycotttanishq \n#BoycottTanishqJewelry \n#boycotttataproducts \n#boycotttata https://t.co/jBIzUOXkEo", "truncated": false, "display_text_range": [0, 198], "entities": {"hashtags": [{"text": "boycotttanishq", "indices": [123, 138]}, {"text": "BoycottTanishqJewelry", "indices": [140, 162]}, {"text": "boycotttataproducts", "indices": [164, 184]}, {"text": "boycotttata", "indices": [186, 198]}], "symbols": [], "user_mentions": [{"screen_name": "TanishqJewelry", "name": "Tanishq", "id": 146022887, "id_str": "146022887", "indices": [33, 48]}, {"screen_name": "TataCompanies", "name": "Tata Group", "id": 270771330, "id_str": "270771330", "indices": [92, 106]}], "urls": [{"url": "https://t.co/jBIzUOXkEo", "expanded_url": "https://twitter.com/paarth0005/status/1325697048268607489", "display_url": "twitter.com/paarth0005/sta\u2026", "indices": [199, 222]}]}, "metadata": {"iso_language_code": "hi", "result_type": "recent"}, "source": "<a href=\"https://mobile.twitter.com\" rel=\"nofollow\">Twitter Web App</a>", "in_reply_to_status_id": null, "in_reply_to_status_id_str": null, "in_reply_to_user_id": null, "in_reply_to_user_id_str": null, "in_reply_to_screen_name": null, "user": {"id": 199184940, "id_str": "199184940", "name": "Vinita Singh Monas", "screen_name": "vinitasingh28", "location": "", "description": "#ProudRajput\nAKSAIBHARAT\nAll indian casts r great & made Bharat.We all r proud of our respective casts\nLiberals, communists and thukkalmaans get lost\nJai Hind", "url": null, "entities": {"description": {"urls": []}}, "protected": false, "followers_count": 508, "friends_count": 521, "listed_count": 0, "created_at": "Wed Oct 06 06:55:30 +0000 2010", "favourites_count": 16378, "utc_offset": null, "time_zone": null, "geo_enabled": false, "verified": false, "statuses_count": 12461, "lang": null, "contributors_enabled": false, "is_translator": false, "is_translation_enabled": false, "profile_background_color": "C0DEED", "profile_background_image_url": "http://abs.twimg.com/images/themes/theme1/bg.png", "profile_background_image_url_https": "https://abs.twimg.com/images/themes/theme1/bg.png", "profile_background_tile": false, "profile_image_url": "http://pbs.twimg.com/profile_images/1295647489609981952/DhV3UEQI_normal.jpg", "profile_image_url_https": "https://pbs.twimg.com/profile_images/1295647489609981952/DhV3UEQI_normal.jpg", "profile_banner_url": "https://pbs.twimg.com/profile_banners/199184940/1604815814", "profile_link_color": "1DA1F2", "profile_sidebar_border_color": "C0DEED", "profile_sidebar_fill_color": "DDEEF6", "profile_text_color": "333333", "profile_use_background_image": true, "has_extended_profile": true, "default_profile": true, "default_profile_image": false, "following": null, "follow_request_sent": null, "notifications": null, "translator_type": "none"}, "geo": null, "coordinates": null, "place": null, "contributors": null, "is_quote_status": true, "quoted_status_id": 1325697048268607489, "quoted_status_id_str": "1325697048268607489", "quoted_status": {"created_at": "Mon Nov 09 07:09:41 +0000 2020", "id": 1325697048268607489, "id_str": "1325697048268607489", "full_text": "tanishq deleted the ad, again \ud83d\ude02", "truncated": false, "display_text_range": [0, 31], "entities": {"hashtags": [], "symbols": [], "user_mentions": [], "urls": []}, "metadata": {"iso_language_code": "hi", "result_type": "recent"}, "source": "<a href=\"http://twitter.com/download/android\" rel=\"nofollow\">Twitter for Android</a>", "in_reply_to_status_id": null, "in_reply_to_status_id_str": null, "in_reply_to_user_id": null, "in_reply_to_user_id_str": null, "in_reply_to_screen_name": null, "user": {"id": 1253225059214217217, "id_str": "1253225059214217217", "name": "\ud835\udd95\ud835\udd86\ud835\udd86\ud835\udd97\ud835\udd99\ud835\udd8d", "screen_name": "paarth0005", "location": "Bhagavad Gita Summary \u2199\ufe0f / \ud83d\udc49", "description": "\u2764\ufe0f \ud835\ude2c\ud835\ude33\ud835\ude2a\ud835\ude34\ud835\ude29\ud835\ude2f\ud835\ude22 \ud83d\udd49\ufe0f\ud83e\udd70 \u029f\u026a\u1d0b\u1d07\ua731, \u0280\u1d1b, \ua730\u1d0f\u029f\u029f\u1d0f\u1d21\u026a\u0274\u0262 \u2260 \u1d07\u0274\u1d05\u1d0f\u0280\ua731\u1d07\u1d0d\u1d07\u0274\u1d1b\ua731.", "url": "https://t.co/rUQ0lrhJEa", "entities": {"url": {"urls": [{"url": "https://t.co/rUQ0lrhJEa", "expanded_url": "https://youtu.be/MmOAsC7A39o", "display_url": "youtu.be/MmOAsC7A39o", "indices": [0, 23]}]}, "description": {"urls": []}}, "protected": false, "followers_count": 1125, "friends_count": 3500, "listed_count": 1, "created_at": "Thu Apr 23 07:32:07 +0000 2020", "favourites_count": 28163, "utc_offset": null, "time_zone": null, "geo_enabled": false, "verified": false, "statuses_count": 7344, "lang": null, "contributors_enabled": false, "is_translator": false, "is_translation_enabled": false, "profile_background_color": "F5F8FA", "profile_background_image_url": null, "profile_background_image_url_https": null, "profile_background_tile": false, "profile_image_url": "http://pbs.twimg.com/profile_images/1325411298172047360/g4HFM7Tw_normal.jpg", "profile_image_url_https": "https://pbs.twimg.com/profile_images/1325411298172047360/g4HFM7Tw_normal.jpg", "profile_banner_url": "https://pbs.twimg.com/profile_banners/1253225059214217217/1604815127", "profile_link_color": "1DA1F2", "profile_sidebar_border_color": "C0DEED", "profile_sidebar_fill_color": "DDEEF6", "profile_text_color": "333333", "profile_use_background_image": true, "has_extended_profile": false, "default_profile": true, "default_profile_image": false, "following": null, "follow_request_sent": null, "notifications": null, "translator_type": "none"}, "geo": null, "coordinates": null, "place": null, "contributors": null, "is_quote_status": false, "retweet_count": 4, "favorite_count": 62, "favorited": false, "retweeted": false, "lang": "en"}, "retweet_count": 1, "favorite_count": 2, "favorited": false, "retweeted": false, "possibly_sensitive": false, "lang": "hi"}, {"created_at": "Sun Nov 08 15:25:30 +0000 2020", "id": 1325459437864194048, "id_str": "1325459437864194048", "full_text": "@TanishqJewelry @AlayaF___ @NimratOfficial @Neenagupta001 @sayanigupta Yesterday US elections result were declared and fireworks were done no holds barred. \nPerhaps they were laced with Wuhan Vaccine. \n#BoycottTata\n#HinduFestivalsMatter", "truncated": false, "display_text_range": [71, 236], "entities": {"hashtags": [{"text": "BoycottTata", "indices": [202, 214]}, {"text": "HinduFestivalsMatter", "indices": [215, 236]}], "symbols": [], "user_mentions": [{"screen_name": "TanishqJewelry", "name": "Tanishq", "id": 146022887, "id_str": "146022887", "indices": [0, 15]}, {"screen_name": "AlayaF___", "name": "Alaya F", "id": 1095295473911545861, "id_str": "1095295473911545861", "indices": [16, 26]}, {"screen_name": "NimratOfficial", "name": "Nimrat Kaur", "id": 60023642, "id_str": "60023642", "indices": [27, 42]}, {"screen_name": "Neenagupta001", "name": "Neena Gupta", "id": 163064944, "id_str": "163064944", "indices": [43, 57]}, {"screen_name": "sayanigupta", "name": "Sayani Gupta", "id": 328993574, "id_str": "328993574", "indices": [58, 70]}], "urls": []}, "metadata": {"iso_language_code": "en", "result_type": "recent"}, "source": "<a href=\"http://twitter.com/download/android\" rel=\"nofollow\">Twitter for Android</a>", "in_reply_to_status_id": 1324352871337480199, "in_reply_to_status_id_str": "1324352871337480199", "in_reply_to_user_id": 146022887, "in_reply_to_user_id_str": "146022887", "in_reply_to_screen_name": "TanishqJewelry", "user": {"id": 1322955394776354822, "id_str": "1322955394776354822", "name": "\u0905\u0939\u092e\u0938\u094d\u092e\u093f ?", "screen_name": "atmay_", "location": "\u092d\u093e\u0930\u0924", "description": "EVM_Hacker\nTwitter~illiterate\n\u0939\u093f\u0928\u094d\u0926\u0942.Civilizational.\u0930\u093e\u0937\u094d\u091f\u094d\u0930\u0935\u093e\u0926\u0940", "url": null, "entities": {"description": {"urls": []}}, "protected": false, "followers_count": 13, "friends_count": 98, "listed_count": 0, "created_at": "Sun Nov 01 17:35:57 +0000 2020", "favourites_count": 1424, "utc_offset": null, "time_zone": null, "geo_enabled": false, "verified": false, "statuses_count": 525, "lang": null, "contributors_enabled": false, "is_translator": false, "is_translation_enabled": false, "profile_background_color": "F5F8FA", "profile_background_image_url": null, "profile_background_image_url_https": null, "profile_background_tile": false, "profile_image_url": "http://pbs.twimg.com/profile_images/1325373929746124800/gIjX1luw_normal.jpg", "profile_image_url_https": "https://pbs.twimg.com/profile_images/1325373929746124800/gIjX1luw_normal.jpg", "profile_banner_url": "https://pbs.twimg.com/profile_banners/1322955394776354822/1604828744", "profile_link_color": "1DA1F2", "profile_sidebar_border_color": "C0DEED", "profile_sidebar_fill_color": "DDEEF6", "profile_text_color": "333333", "profile_use_background_image": true, "has_extended_profile": true, "default_profile": true, "default_profile_image": false, "following": null, "follow_request_sent": null, "notifications": null, "translator_type": "none"}, "geo": null, "coordinates": null, "place": null, "contributors": null, "is_quote_status": false, "retweet_count": 0, "favorite_count": 0, "favorited": false, "retweeted": false, "lang": "en"}, {"created_at": "Sun Nov 08 15:23:28 +0000 2020", "id": 1325458928105185280, "id_str": "1325458928105185280", "full_text": "@TanishqJewelry @AlayaF___ @NimratOfficial @Neenagupta001 @sayanigupta #BoycottTata\n@RNTata2000 ji, thanx for showering so much love on Hindus by de Hindu-ising our festivals. \n\nWe ll always be thankful to Jadejas of Gujarat for fefendung sharnarthi, but alas this is what we are getting in return\n#HinduFestivalsMatter", "truncated": false, "display_text_range": [71, 319], "entities": {"hashtags": [{"text": "BoycottTata", "indices": [71, 83]}, {"text": "HinduFestivalsMatter", "indices": [298, 319]}], "symbols": [], "user_mentions": [{"screen_name": "TanishqJewelry", "name": "Tanishq", "id": 146022887, "id_str": "146022887", "indices": [0, 15]}, {"screen_name": "AlayaF___", "name": "Alaya F", "id": 1095295473911545861, "id_str": "1095295473911545861", "indices": [16, 26]}, {"screen_name": "NimratOfficial", "name": "Nimrat Kaur", "id": 60023642, "id_str": "60023642", "indices": [27, 42]}, {"screen_name": "Neenagupta001", "name": "Neena Gupta", "id": 163064944, "id_str": "163064944", "indices": [43, 57]}, {"screen_name": "sayanigupta", "name": "Sayani Gupta", "id": 328993574, "id_str": "328993574", "indices": [58, 70]}, {"screen_name": "RNTata2000", "name": "Ratan N. Tata", "id": 277434037, "id_str": "277434037", "indices": [84, 95]}], "urls": []}, "metadata": {"iso_language_code": "en", "result_type": "recent"}, "source": "<a href=\"http://twitter.com/download/android\" rel=\"nofollow\">Twitter for Android</a>", "in_reply_to_status_id": 1324352871337480199, "in_reply_to_status_id_str": "1324352871337480199", "in_reply_to_user_id": 146022887, "in_reply_to_user_id_str": "146022887", "in_reply_to_screen_name": "TanishqJewelry", "user": {"id": 1322955394776354822, "id_str": "1322955394776354822", "name": "\u0905\u0939\u092e\u0938\u094d\u092e\u093f ?", "screen_name": "atmay_", "location": "\u092d\u093e\u0930\u0924", "description": "EVM_Hacker\nTwitter~illiterate\n\u0939\u093f\u0928\u094d\u0926\u0942.Civilizational.\u0930\u093e\u0937\u094d\u091f\u094d\u0930\u0935\u093e\u0926\u0940", "url": null, "entities": {"description": {"urls": []}}, "protected": false, "followers_count": 13, "friends_count": 98, "listed_count": 0, "created_at": "Sun Nov 01 17:35:57 +0000 2020", "favourites_count": 1424, "utc_offset": null, "time_zone": null, "geo_enabled": false, "verified": false, "statuses_count": 525, "lang": null, "contributors_enabled": false, "is_translator": false, "is_translation_enabled": false, "profile_background_color": "F5F8FA", "profile_background_image_url": null, "profile_background_image_url_https": null, "profile_background_tile": false, "profile_image_url": "http://pbs.twimg.com/profile_images/1325373929746124800/gIjX1luw_normal.jpg", "profile_image_url_https": "https://pbs.twimg.com/profile_images/1325373929746124800/gIjX1luw_normal.jpg", "profile_banner_url": "https://pbs.twimg.com/profile_banners/1322955394776354822/1604828744", "profile_link_color": "1DA1F2", "profile_sidebar_border_color": "C0DEED", "profile_sidebar_fill_color": "DDEEF6", "profile_text_color": "333333", "profile_use_background_image": true, "has_extended_profile": true, "default_profile": true, "default_profile_image": false, "following": null, "follow_request_sent": null, "notifications": null, "translator_type": "none"}, "geo": null, "coordinates": null, "place": null, "contributors": null, "is_quote_status": false, "retweet_count": 0, "favorite_count": 0, "favorited": false, "retweeted": false, "lang": "en"}, {"created_at": "Fri Nov 06 08:39:24 +0000 2020", "id": 1324632465189662720, "id_str": "1324632465189662720", "full_text": "#BoycottTATA may trend today \ud83d\ude0e Rare jewellery brand is called #Zoya  and on front page. #JewelleryJihad anybody ??\ud83d\ude02\ud83d\ude02 https://t.co/XpvKlMeuDu", "truncated": false, "display_text_range": [0, 116], "entities": {"hashtags": [{"text": "BoycottTATA", "indices": [0, 12]}, {"text": "Zoya", "indices": [62, 67]}, {"text": "JewelleryJihad", "indices": [88, 103]}], "symbols": [], "user_mentions": [], "urls": [], "media": [{"id": 1324632461611991040, "id_str": "1324632461611991040", "indices": [117, 140], "media_url": "http://pbs.twimg.com/media/EmIKNKRVgAAWocW.jpg", "media_url_https": "https://pbs.twimg.com/media/EmIKNKRVgAAWocW.jpg", "url": "https://t.co/XpvKlMeuDu", "display_url": "pic.twitter.com/XpvKlMeuDu", "expanded_url": "https://twitter.com/OfficeOfSparsha/status/1324632465189662720/photo/1", "type": "photo", "sizes": {"thumb": {"w": 150, "h": 150, "resize": "crop"}, "large": {"w": 1344, "h": 2048, "resize": "fit"}, "medium": {"w": 788, "h": 1200, "resize": "fit"}, "small": {"w": 446, "h": 680, "resize": "fit"}}}]}, "extended_entities": {"media": [{"id": 1324632461611991040, "id_str": "1324632461611991040", "indices": [117, 140], "media_url": "http://pbs.twimg.com/media/EmIKNKRVgAAWocW.jpg", "media_url_https": "https://pbs.twimg.com/media/EmIKNKRVgAAWocW.jpg", "url": "https://t.co/XpvKlMeuDu", "display_url": "pic.twitter.com/XpvKlMeuDu", "expanded_url": "https://twitter.com/OfficeOfSparsha/status/1324632465189662720/photo/1", "type": "photo", "sizes": {"thumb": {"w": 150, "h": 150, "resize": "crop"}, "large": {"w": 1344, "h": 2048, "resize": "fit"}, "medium": {"w": 788, "h": 1200, "resize": "fit"}, "small": {"w": 446, "h": 680, "resize": "fit"}}}]}, "metadata": {"iso_language_code": "en", "result_type": "recent"}, "source": "<a href=\"http://twitter.com/download/android\" rel=\"nofollow\">Twitter for Android</a>", "in_reply_to_status_id": null, "in_reply_to_status_id_str": null, "in_reply_to_user_id": null, "in_reply_to_user_id_str": null, "in_reply_to_screen_name": null, "user": {"id": 147494088, "id_str": "147494088", "name": "Sparsha Junna", "screen_name": "OfficeOfSparsha", "location": "India", "description": "Human | Lawyer | Farmer | Congress |\n\nInactive chomu followers will be unfollowed.", "url": null, "entities": {"description": {"urls": []}}, "protected": false, "followers_count": 363, "friends_count": 374, "listed_count": 1, "created_at": "Mon May 24 08:23:44 +0000 2010", "favourites_count": 1455, "utc_offset": null, "time_zone": null, "geo_enabled": false, "verified": false, "statuses_count": 243, "lang": null, "contributors_enabled": false, "is_translator": false, "is_translation_enabled": false, "profile_background_color": "C0DEED", "profile_background_image_url": "http://abs.twimg.com/images/themes/theme1/bg.png", "profile_background_image_url_https": "https://abs.twimg.com/images/themes/theme1/bg.png", "profile_background_tile": false, "profile_image_url": "http://pbs.twimg.com/profile_images/1274915388669571072/59k68JIS_normal.jpg", "profile_image_url_https": "https://pbs.twimg.com/profile_images/1274915388669571072/59k68JIS_normal.jpg", "profile_banner_url": "https://pbs.twimg.com/profile_banners/147494088/1592337906", "profile_link_color": "1DA1F2", "profile_sidebar_border_color": "C0DEED", "profile_sidebar_fill_color": "DDEEF6", "profile_text_color": "333333", "profile_use_background_image": true, "has_extended_profile": false, "default_profile": true, "default_profile_image": false, "following": null, "follow_request_sent": null, "notifications": null, "translator_type": "none"}, "geo": null, "coordinates": null, "place": null, "contributors": null, "is_quote_status": false, "retweet_count": 0, "favorite_count": 1, "favorited": false, "retweeted": false, "possibly_sensitive": false, "lang": "en"}, {"created_at": "Wed Nov 04 22:40:54 +0000 2020", "id": 1324119458403606528, "id_str": "1324119458403606528", "full_text": "Tanishq, India is gonna go down the pathway of Etisalat, Sri Lanka :\n\n1. Boycott\n2. Discounts\n3. Total bankruptcy\n4. Absorption by another company\n\n#BoycottTanishq #BoycottLaxmii #BoycottLaxmmiBomb #BoycottKhans #BoycottRedLabel #BoycottSurfExcel #BoycottTata", "truncated": false, "display_text_range": [0, 259], "entities": {"hashtags": [{"text": "BoycottTanishq", "indices": [148, 163]}, {"text": "BoycottLaxmii", "indices": [164, 178]}, {"text": "BoycottLaxmmiBomb", "indices": [179, 197]}, {"text": "BoycottKhans", "indices": [198, 211]}, {"text": "BoycottRedLabel", "indices": [212, 228]}, {"text": "BoycottSurfExcel", "indices": [229, 246]}, {"text": "BoycottTata", "indices": [247, 259]}], "symbols": [], "user_mentions": [], "urls": []}, "metadata": {"iso_language_code": "en", "result_type": "recent"}, "source": "<a href=\"https://mobile.twitter.com\" rel=\"nofollow\">Twitter Web App</a>", "in_reply_to_status_id": null, "in_reply_to_status_id_str": null, "in_reply_to_user_id": null, "in_reply_to_user_id_str": null, "in_reply_to_screen_name": null, "user": {"id": 1308640671348264960, "id_str": "1308640671348264960", "name": "The Dharmic State Guy\ud83e\udde1\u2638\ufe0f\ud83d\udd49\ufe0f\u262c\u270a", "screen_name": "TheDharmicState", "location": "Colombo District, Sri Lanka \ud83d\ude0a", "description": "No personal goals.\nOnly want Dharmic unity\n(\u2638\ufe0f\ud83e\udd1d\ud83d\udd49\ufe0f\ud83e\udd1d\u262c\ud83e\udd1d\u270b)\nand victory to Dharma \u270a\n\nSriman/Sanatani\ud83d\udea9\u2638\ufe0f\ud83c\uddf1\ud83c\uddf0\n\nCheck the pinned tweets for more.\n\nHindutva vadi", "url": "https://t.co/tIKnm8isd6", "entities": {"url": {"urls": [{"url": "https://t.co/tIKnm8isd6", "expanded_url": "http://thedharmicstate.blogspot.com", "display_url": "thedharmicstate.blogspot.com", "indices": [0, 23]}]}, "description": {"urls": []}}, "protected": false, "followers_count": 598, "friends_count": 961, "listed_count": 0, "created_at": "Wed Sep 23 05:34:14 +0000 2020", "favourites_count": 1563, "utc_offset": null, "time_zone": null, "geo_enabled": false, "verified": false, "statuses_count": 7479, "lang": null, "contributors_enabled": false, "is_translator": false, "is_translation_enabled": false, "profile_background_color": "F5F8FA", "profile_background_image_url": null, "profile_background_image_url_https": null, "profile_background_tile": false, "profile_image_url": "http://pbs.twimg.com/profile_images/1325891810351173632/-6VLEHg-_normal.jpg", "profile_image_url_https": "https://pbs.twimg.com/profile_images/1325891810351173632/-6VLEHg-_normal.jpg", "profile_banner_url": "https://pbs.twimg.com/profile_banners/1308640671348264960/1604987044", "profile_link_color": "1DA1F2", "profile_sidebar_border_color": "C0DEED", "profile_sidebar_fill_color": "DDEEF6", "profile_text_color": "333333", "profile_use_background_image": true, "has_extended_profile": true, "default_profile": true, "default_profile_image": false, "following": null, "follow_request_sent": null, "notifications": null, "translator_type": "none"}, "geo": null, "coordinates": null, "place": null, "contributors": null, "is_quote_status": false, "retweet_count": 1, "favorite_count": 1, "favorited": false, "retweeted": false, "lang": "en"}]